,0
0,10851.27
1,5113.1
2,14777.07
3,3610.05
4,12898.0
5,9902.545
6,16083.2
7,7229.0
8,3597.0
9,16224.95
10,3937.32
11,15773.72
12,16484.96
13,6373.89
14,7110.0
15,3405.58
16,4578.48
17,6238.1
18,15690.76
19,4457.56
20,2027.29
21,4717.13
22,5478.675
23,14511.58
24,14075.12
25,5209.84
26,3148.85
27,13040.23
28,10479.35
29,8054.96
30,5913.99
31,15020.18
32,4912.32
33,8117.76
34,4823.0
35,10733.92
36,9583.48
37,13116.61
38,9630.48
39,4903.26
40,4064.28
41,4263.0
42,13575.72
43,6470.91
44,9660.01
45,5403.0
46,9514.14
47,14768.6
48,11874.19
49,7607.37
50,8074.86
51,10919.0
52,8858.23
53,8992.18
54,15350.925
55,8317.36
56,8851.0
57,7059.15
58,10374.35
59,8315.64
60,16079.0
61,9187.92
62,4332.0
63,12486.71
64,16751.75
65,10311.28
66,9083.56
67,6544.24
68,13054.45
69,7843.55
70,5608.8
71,9179.53
72,15129.0
73,3877.91
74,4898.5
75,8016.0
76,3900.0
77,8188.75
78,12247.61
79,10940.19
80,4871.64
81,6962.05
82,3943.96
83,7229.0
84,9805.325
85,7359.2
86,3546.16
87,14266.806666666665
88,14924.28
89,8497.85
90,3626.32
91,9946.05
92,7829.19
93,13676.9
94,4823.0
95,8746.22
96,4050.0
97,12898.0
98,13570.44
99,8743.96
100,8321.54
101,10508.09
102,5604.96
103,7332.68
104,26185.45
105,4797.7
106,5734.0
107,6717.95
108,5259.77
109,16179.0
110,10809.61
111,11454.82
112,7564.7
113,7440.46
114,14234.44
115,10258.58
116,15812.0
117,4266.43
118,7229.0
119,9204.23
120,12248.54
121,4361.31
122,3212.94
123,9068.27
124,4607.68
125,9319.45
126,3842.92
127,6123.32
128,6116.44
129,10262.0
130,9195.79
131,6968.58
132,10499.49
133,10158.85
134,8580.62
135,12423.44
136,3467.49
137,13692.57
138,9865.88
139,7249.38
140,12888.26
141,9257.53
142,6264.07
143,10844.0
144,4297.61
145,15554.0
146,7798.4
147,4122.23
148,6400.39
149,12898.0
150,8016.0
151,9460.67
152,11392.52
153,7229.0
154,12591.09
155,14209.5
156,14662.89
157,6999.16
158,13739.96
159,4689.4
160,12373.0
161,4336.76
162,12346.285
163,6715.73
164,8291.94
165,7254.36
166,9330.92
167,10262.0
168,4931.33
169,3763.4
170,12898.0
171,10368.0
172,7635.82
173,6729.36
174,5019.93
175,6903.23
176,10844.0
177,4226.0
178,6065.25
179,12339.04
180,4408.02
181,15633.665
182,14764.2
183,4799.66
184,5781.1
185,11699.96
186,4995.0
187,11770.855
188,8715.43
189,10527.38
190,8412.74
191,10844.0
192,7064.0
193,4651.0
194,6375.16
195,6326.043333333334
196,8347.59
197,8840.53
198,3974.98
199,5701.62
200,12085.32
201,14674.75
202,4456.18
203,16704.0
204,4777.03
205,16079.0
206,13790.13
207,25971.85
208,15597.05
209,2197.88
210,15264.21
211,13014.0
212,13825.285
213,7229.0
214,8476.77
215,11109.1
216,6633.6
217,5289.61
218,8220.86
219,5197.3
220,6450.2
221,14521.11
222,3834.04
223,5407.2
224,2710.21
225,5907.09
226,14002.88
227,11036.99
228,10368.0
229,15264.21
230,5811.62
231,2189.08
232,2337.66
233,3998.86
234,14865.2
235,3985.08
236,5910.01
237,4356.96
238,5896.55
239,12696.75
240,3716.91
241,10368.0
242,5433.73
243,7825.1
244,10651.0
245,4741.0
246,14574.68
247,12786.78
248,3850.0
249,4953.48
250,7508.31
251,13014.0
252,3869.09
253,9723.625
254,8404.26
255,2431.48
256,7830.21
257,4226.0
258,4004.25
259,12373.0
260,4544.0
261,10309.81
262,3841.0
263,12260.05
264,5238.16
265,10053.47
266,15816.22
267,10184.05
268,10262.0
269,12718.136666666667
270,10368.0
271,13819.34
272,10731.1
273,12482.66
274,11698.32
275,13587.0
276,15309.91
277,10997.28
278,22361.82
279,10606.4
280,14390.31
281,6019.38
282,10641.23
283,10919.0
284,6563.07
285,7421.3
286,7500.945
287,5296.51
288,14529.28
289,13768.42
290,10735.47
291,14206.5
292,14037.72
293,9087.96
294,6719.04
295,6038.2
296,8509.24
297,4859.1
298,4804.0
299,15603.55
300,8882.0
301,5405.79
302,12819.0
303,4825.0
304,2041.66
305,12323.21
306,8283.0
307,10068.43
308,12898.0
309,8928.84
310,3595.86
311,7198.0
312,14845.05
313,15764.14
314,10717.19
315,24987.45
316,10796.75
317,5034.83
318,2227.0
319,7303.65
320,4851.0
321,8661.39
322,17215.35
323,10422.42
324,14315.53
325,12345.33
326,5302.44
327,15323.61
328,7648.97
329,5244.82
330,11773.265
331,12423.63
332,6557.28
333,6139.73
334,6357.68
335,7165.25
336,8852.3
337,7233.71
338,15129.0
339,6622.66
340,14010.08
341,9087.8
342,9986.33
343,10338.58
344,10919.0
345,2010.28
346,17672.14
347,12819.0
348,4714.38
349,13871.88
350,11977.33
351,9629.89
352,16055.2
353,6885.61
354,13863.276666666667
355,10652.72
356,6304.71
357,6723.92
358,9463.97
359,8730.08
360,25780.14
361,15284.34
362,4566.49
363,13880.86
364,7623.85
365,8636.52
366,4764.53
367,22847.5
368,5497.09
369,13652.82
370,13010.41
371,6449.705
372,8416.12
373,15658.57
374,5678.0
375,12765.86
376,2893.57
377,10262.0
378,4261.82
379,11265.2
380,9141.83
381,9645.69
382,6325.87
383,12118.92
384,18261.29
385,4878.0
386,10573.55
387,15266.51
388,15017.85
389,14352.59
390,4878.11
391,6493.63
392,13246.56
393,11869.0
394,29474.17
395,13226.745
396,4804.0
397,7287.14
398,11087.0
399,4108.69
400,10919.0
401,8793.18
402,10175.06
403,10393.705
404,7878.91
405,6364.9
406,4837.6
407,21730.0
408,6316.09
409,13029.0
410,27349.0
411,13554.8
412,6517.09
413,4164.8
414,13800.98
415,31764.1
416,10262.0
417,6413.68
418,10967.56
419,12738.47
420,6659.01
421,5339.59
422,8016.0
423,16373.0
424,14216.69
425,13345.84
426,3827.76
427,5361.91
428,3884.08
429,4823.0
430,6548.08
431,12233.83
432,6669.27
433,6195.1
434,4875.51
435,9424.0
436,3641.05
437,5734.0
438,10661.37
439,10844.0
440,5614.6
441,16927.77
442,14588.34
443,4354.53
444,9795.35
445,9738.88
446,5678.0
447,10317.05
448,3847.66
449,6402.58
450,2248.0
451,12763.735
452,9124.53
453,13014.0
454,2167.33
455,12698.37
456,10262.0
457,6110.85
458,13563.13
459,3044.73
460,6617.07
461,9618.69
462,13040.89
463,3739.2
464,6170.08
465,11087.0
466,10262.0
467,10844.0
468,4616.2
469,4799.8
470,4439.0
471,3850.0
472,8367.0
473,10901.13
474,13489.76
475,10595.16
476,9327.625
477,10919.0
478,6138.32
479,7930.79
480,5901.96
481,4166.72
482,10031.0
483,10281.95
484,10368.0
485,5949.53
486,6241.4
487,11087.0
488,5168.2
489,9927.35
490,4875.4
491,2023.3
492,6517.69
493,7866.07
494,10726.01
495,5806.31
496,9564.0
497,10879.19
498,12903.42
499,12363.26
500,7128.11
501,14030.95
502,12273.0
503,15731.07
504,13547.0
505,5494.0
506,15954.65
507,14714.0
508,13199.42
509,14090.27
510,4608.06
511,6991.88
512,3894.28
513,10262.0
514,11522.26
515,2995.06
516,16081.1
517,3312.96
518,10202.265
519,14714.0
520,7364.16
521,8456.74
522,4668.0
523,13476.31
524,7360.3
525,15573.77
526,13042.02
527,4436.62
528,3210.0
529,15655.14
530,15596.9
531,4014.99
532,6897.32
533,10844.0
534,7250.5
535,6236.7
536,11033.14
537,12715.93
538,10373.16
539,10648.55
540,11280.75
541,6052.6
542,3845.78
543,12898.0
544,9433.735
545,3911.55
546,7875.17
547,9197.14
548,6453.83
549,5987.93
550,13641.18
551,6692.46
552,8000.32
553,11897.69
554,11451.07
555,5105.12
556,4400.17
557,12926.06
558,12817.013333333334
559,14739.2
560,3943.0
561,15550.85
562,20506.1
563,8535.08
564,13292.0
565,7634.84
566,13855.5
567,12416.36
568,14503.8
569,14584.43
570,13630.61
571,14539.33
572,6224.68
573,2126.2
574,15611.62
575,12945.96
576,6860.0
577,6013.33
578,6644.66
579,8662.7
580,8717.87
581,15330.62
582,6306.93
583,5308.0
584,4823.0
585,18797.31
586,8475.34
587,5133.48
588,6444.99
589,7662.34
590,13014.0
591,15916.5
592,4801.4
593,6687.84
594,11423.0
595,6078.96
596,4885.35
597,12468.503333333334
598,10835.87
599,6598.8
600,5215.6
601,14626.11
602,4145.0
603,6070.35
604,3096.82
605,10847.99
606,6626.58
607,4212.87
608,1965.0
609,17446.26
610,7016.15
611,11724.7
612,7775.68
613,10821.42
614,3850.93
615,13039.0
616,6320.01
617,3890.6
618,11087.0
619,3842.05
620,14718.2
621,14498.92
622,6513.97
623,14215.04
624,15353.0
625,11668.335
626,14036.63
627,11256.53
628,9805.325
629,4504.35
630,12592.0
631,4564.09
632,10047.26
633,7369.17
634,4402.3
635,4804.0
636,5623.14
637,7379.87
638,5926.8
639,13377.0
640,4401.38
641,6327.56
642,8620.43
643,15129.0
644,18472.4
645,12392.0
646,7117.23
647,16189.665
648,7043.98
649,6530.51
650,21927.69
651,13759.0
652,12138.33
653,6171.34
654,4797.49
655,14280.92
656,12156.56
657,5831.06
658,6297.15
659,8984.17
660,13090.47
661,10262.0
662,5319.34
663,10534.45
664,12897.08
665,7199.15
666,4143.13
667,2754.0
668,3548.73
669,8579.46
670,14226.28
671,11418.45
672,10968.09
673,15011.15
674,14699.76
675,13310.65
676,5353.5
677,9838.22
678,10021.93
679,21574.08
680,11452.64
681,15464.28
682,12579.9
683,6494.09
684,8581.84
685,5403.0
686,8769.57
687,5416.51
688,4607.96
689,5047.96
690,5995.56
691,10144.55
692,16760.89
693,9779.57
694,4893.56
695,5726.08
696,5540.82
697,3858.0
698,4818.35
699,10172.84
700,13932.55
701,8234.82
702,12430.28
703,13622.36
704,28880.25
705,10033.325
706,3634.23
707,10844.0
708,6879.85
709,13376.0
710,10262.0
711,13641.67
712,13460.85
713,4031.59
714,7375.83
715,6326.31
716,12373.0
717,5132.39
718,8179.26
719,3841.0
720,9212.2
721,10368.0
722,7263.86
723,6649.47
724,2754.0
725,4101.92
726,4152.71
727,3878.27
728,4280.45
729,15164.0
730,8309.42
731,17894.94
732,10965.34
733,4424.17
734,3528.79
735,5188.33
736,11552.0
737,6297.9
738,9535.67
739,7097.3
740,15107.0
741,10369.1
742,13945.04
743,3597.0
744,9195.35
745,14196.8
746,6502.52
747,11615.81
748,8447.97
749,10271.45
750,4249.16
751,4216.2
752,12003.173333333332
753,6655.29
754,4794.28
755,8016.0
756,6253.12
757,6144.77
758,13374.58
759,10994.93
760,4171.06
761,4238.0
762,3866.34
763,7064.0
764,4026.84
765,5999.75
766,4852.78
767,10933.14
768,4668.0
769,8793.78
770,6468.17
771,14025.02
772,4812.4
773,10786.0
774,16948.08
775,7229.0
776,4244.77
777,5870.15
778,4176.26
779,17276.44
780,6380.89
781,3599.2
782,8308.03
783,6308.29
784,13752.42
785,4003.84
786,8544.44
787,3946.04
788,10283.65
789,21111.0
790,11447.12
791,17175.02
792,7202.0
793,7457.07
794,10832.0
795,13234.23
796,4172.28
797,15113.0
798,8016.0
799,9564.0
800,9131.52
801,14686.16
802,13042.35
803,19741.43
804,10268.04
805,4232.98
806,9415.97
807,10195.675
808,3743.21
809,14330.31
810,10271.45
811,12223.5
812,13887.87
813,7079.74
814,7408.0
815,8727.1
816,6267.41
817,4029.25
818,4957.8
819,3550.11
820,2878.37
821,5289.97
822,15544.0
823,15319.78
824,4874.64
825,10249.94
826,9068.38
827,15525.19
828,7229.0
829,9809.1
830,5706.01
831,12600.8
832,11982.0
833,6878.34
834,13349.28
835,15304.47
836,18267.59
837,3423.97
838,6444.86
839,3787.67
840,14774.7
841,11829.19
842,4482.18
843,8950.67
844,14096.8
845,9207.68
846,8733.68
847,11652.9
848,6963.1
849,16032.87
850,16406.6
851,3783.16
852,8581.84
853,5604.79
854,5926.03
855,4996.15
856,3838.32
857,7479.43
858,11836.23
859,4823.0
860,8056.99
861,10699.07
862,6338.87
863,2700.67
864,27651.36
865,3603.28
866,6344.58
867,11525.97
868,12142.55
869,5754.15
870,10061.3
871,3687.0
872,6034.93
873,17444.44
874,7304.46
875,16549.8
876,10368.0
877,8506.78
878,13443.22
879,11264.32
880,4286.14
881,6968.67
882,4041.48
883,5268.31
884,14221.44
885,14846.24
886,3127.36
887,7229.0
888,4808.2
889,5678.0
890,9737.12
891,10262.0
892,9818.955
893,14716.1
894,4965.76
895,7033.07
896,4824.67
897,11101.81
898,8295.15
899,12949.405
900,3845.93
901,10613.83
902,3725.92
903,16046.39
904,5725.24
905,10653.22
906,4290.52
907,11447.12
908,5211.19
909,10262.0
910,5411.02
911,11474.86
912,5701.37
913,11044.27
914,3932.28
915,6163.39
916,15924.65
917,3562.53
918,4390.53
919,4087.66
920,14714.0
921,12788.14
922,8614.11
923,16170.92
924,13087.63
925,8656.0
926,10439.89
927,12313.79
928,7081.54
929,3576.2
930,5018.2
931,12068.75
932,13376.0
933,13817.0
934,17269.5
935,7095.59
936,8713.85
937,14938.23
938,14074.44
939,15053.175
940,7095.12
941,12520.78
942,4169.45
943,12325.19
944,4995.0
945,11087.0
946,4454.4
947,3841.64
948,10302.95
949,12657.22
950,6062.85
951,4717.13
952,7888.0
953,14739.0
954,10262.0
955,6311.02
956,8662.69
957,4804.0
958,4586.17
959,12276.89
960,4668.0
961,7608.255
962,6704.65
963,4026.9
964,2889.63
965,6010.83
966,13217.14
967,68570.54
968,13027.9
969,10490.08
970,19458.865
971,11735.35
972,7038.84
973,7351.24
974,6840.55
975,7229.0
976,4490.135
977,3548.0
978,14716.1
979,10393.18
980,9947.86
981,5274.08
982,4672.2
983,15129.0
984,15284.34
985,10548.65
986,9666.05
987,14269.72
988,9927.69
989,5095.93
990,8177.24
991,4802.62
992,11463.53
993,9924.32
994,7274.73
995,10194.08
996,9746.28
997,5418.69
998,14687.25
999,4995.0
1000,13180.11
1001,7806.8
1002,10371.3
1003,7015.39
1004,5511.69
1005,10176.32
1006,7988.39
1007,6673.0
1008,7670.0
1009,3930.08
1010,12391.62
1011,15473.04
1012,10844.02
1013,10396.95
1014,6351.065
1015,5225.0
1016,7169.77
1017,6020.69
1018,9296.0
1019,4966.0
1020,9478.56
1021,15067.65
1022,4878.0
1023,8828.685
1024,13014.77
1025,17024.0
1026,11858.17
1027,6679.59
1028,13029.0
1029,7450.0
1030,7229.0
1031,15129.0
1032,3687.0
1033,10311.28
1034,10066.42
1035,14470.33
1036,9973.7
1037,6285.25
1038,8694.53
1039,4809.52
1040,3742.69
1041,7275.47
1042,8928.83
1043,3824.16
1044,9882.22
1045,13146.48
1046,13204.16
1047,6027.05
1048,5480.79
1049,4224.66
1050,11146.79
1051,7584.74
1052,13014.0
1053,10325.0
1054,9443.0
1055,4935.2
1056,10278.8
1057,14322.57
1058,5829.91
1059,14264.13
1060,7116.89
1061,3597.0
1062,9414.54
1063,5984.23
1064,6375.8
1065,15573.9
1066,3755.84
1067,10920.47
1068,12140.155
1069,13883.9
1070,9134.0
1071,7700.47
1072,7205.57
1073,10680.87
1074,4515.37
1075,8898.26
1076,5708.04
1077,3561.96
1078,13135.56
1079,7479.88
1080,3026.27
1081,7666.18
1082,8040.0
1083,3553.29
1084,10164.53
1085,4009.99
1086,5115.22
1087,3929.35
1088,4813.75
1089,3973.77
1090,13817.0
1091,8777.93
1092,7603.92
1093,8711.65
1094,14472.165
1095,9178.33
1096,14726.6
1097,6398.58
1098,3682.04
1099,11587.64
1100,5347.06
1101,14177.25
1102,4070.43
1103,5530.13
1104,14276.22
1105,3498.81
1106,12373.0
1107,2109.0
1108,3597.0
1109,3841.32
1110,15621.03
1111,12221.0
1112,8647.98
1113,25171.05
1114,4808.2
1115,9530.69
1116,15892.1
1117,10444.17
1118,13967.42
1119,3819.48
1120,16079.0
1121,2416.27
1122,17004.01
1123,13002.8
1124,6129.02
1125,7152.16
1126,5477.35
1127,10392.33
1128,5266.31
1129,4050.0
1130,8916.82
1131,10198.24
1132,3893.26
1133,10368.0
1134,14322.77
1135,10844.0
1136,5483.65
1137,14944.81
1138,7901.44
1139,10381.65
1140,8338.06
1141,11085.81
1142,8610.37
1143,10789.75
1144,3424.88
1145,10419.62
1146,4026.62
1147,13014.0
1148,15711.32
1149,13386.12
1150,4703.5
1151,4000.32
1152,12959.56
1153,5513.24
1154,15334.6
1155,7823.15
1156,13293.15
1157,6823.89
1158,9359.88
1159,3268.12
1160,12431.97
1161,9516.53
1162,5085.54
1163,6853.93
1164,15496.34
1165,7593.45
1166,7789.335
1167,13014.0
1168,14571.0
1169,3714.89
1170,6251.97
1171,17626.06
1172,3610.97
1173,8426.03
1174,9698.135
1175,12373.0
1176,3607.2
1177,12378.25
1178,4490.43
1179,9313.57
1180,5131.6
1181,11647.31
1182,13873.0
1183,3089.5
1184,3763.94
1185,14371.91
1186,4417.26
1187,7236.87
1188,11005.48
1189,14738.03
1190,3918.96
1191,13995.14
1192,14098.98
1193,8228.43
1194,8550.98
1195,6834.21
1196,10759.92
1197,7841.07
1198,13055.41
1199,10262.0
1200,13334.51
1201,7696.04
1202,3257.42
1203,4466.55
1204,10262.0
1205,8844.02
1206,6490.69
1207,13308.54
1208,5845.17
1209,6926.34
1210,4849.64
1211,4546.65
1212,3815.54
1213,3456.66
1214,4810.2
1215,6703.86
1216,3596.43
1217,33131.93
1218,9865.85
1219,2089.84
1220,12797.88
1221,11868.96
1222,13785.29
1223,10271.34
1224,12373.0
1225,4302.1
1226,13386.12
1227,14886.21
1228,13683.055
1229,7536.86
1230,8265.45
1231,6945.97
1232,5845.05
1233,7905.18
1234,6525.04
1235,4489.03
1236,7229.0
1237,4361.04
1238,13020.4
1239,7555.36
1240,13682.7
1241,5410.74
1242,8453.8
1243,5392.26
1244,4804.0
1245,3849.14
1246,14541.4
1247,16908.45
1248,4161.87
1249,13853.84
1250,3909.58
1251,15504.14
1252,13855.96
1253,9260.26
1254,7233.71
1255,27203.37
1256,7697.075
1257,8882.17
1258,16017.215
1259,11059.42
1260,13736.04
1261,11722.04
1262,4903.96
1263,10365.95
1264,13376.0
1265,10047.54
1266,14846.24
1267,4063.11
1268,7832.0
1269,12898.0
1270,4987.76
1271,14177.28
1272,3843.92
1273,9202.61
1274,10586.03
1275,13224.85
1276,4804.0
1277,12063.14
1278,10262.0
1279,3657.5
1280,5179.29
1281,4170.87
1282,4088.75
1283,7229.0
1284,14079.26
1285,10506.883333333333
1286,4925.25
1287,10615.935
1288,4172.5
1289,4913.95
1290,11289.98
1291,4900.05
1292,12573.99
1293,10651.0
1294,8882.0
1295,12898.0
1296,4286.58
1297,14781.0
1298,5678.0
1299,8371.41
1300,10506.883333333333
1301,17550.58
1302,9944.85
1303,5678.0
1304,12573.41
1305,14877.55
1306,7604.73
1307,8920.61
1308,6855.95
1309,14556.41
1310,4404.5
1311,13963.79
1312,4167.02
1313,8866.77
1314,10228.87
1315,3850.08
1316,16138.52
1317,10262.0
1318,11664.0
1319,3886.98
1320,6224.44
1321,10210.27
1322,7229.0
1323,3064.96
1324,6140.13
1325,13071.89
1326,3981.75
1327,5580.23
1328,8094.65
1329,4590.08
1330,7065.6
1331,14072.94
1332,3182.77
1333,15144.75
1334,14250.91
1335,15129.0
1336,13981.66
1337,3593.21
1338,12416.15
1339,12681.0
1340,22891.55
1341,16175.3
1342,13037.19
1343,11982.0
1344,2906.13
1345,10538.59
1346,12373.0
1347,14399.07
1348,9294.83
1349,6012.63
1350,22313.57
1351,10315.55
1352,6111.51
1353,29388.94
1354,10368.0
1355,11678.54
1356,3991.2
1357,3465.56
1358,2051.14
1359,11304.29
1360,7762.56
1361,9510.67
1362,11027.0
1363,15503.4
1364,13884.69
1365,8031.99
1366,4753.28
1367,6688.08
1368,14845.97
1369,9685.3
1370,5192.16
1371,11087.0
1372,16979.1
1373,4032.06
1374,9564.0
1375,13033.0
1376,8553.51
1377,5759.78
1378,5840.0
1379,9323.58
1380,5790.27
1381,7229.0
1382,7487.97
1383,2924.54
1384,14509.26
1385,5185.23
1386,5587.53
1387,5148.99
1388,6119.28
1389,17894.94
1390,10577.0
1391,12264.62
1392,14512.2
1393,10708.98
1394,12373.0
1395,10780.7
1396,10313.59
1397,7229.0
1398,2403.07
1399,8296.82
1400,3889.68
1401,10050.76
1402,5235.5
1403,8068.28
1404,15288.0
1405,8518.0
1406,13542.0
1407,8557.58
1408,10180.305
1409,14284.34
1410,5575.66
1411,2232.27
1412,12742.296666666665
1413,3543.0
1414,11365.44
1415,3848.38
1416,3866.95
1417,12732.255
1418,3943.38
1419,5312.54
1420,13726.73
1421,7400.85
1422,4437.88
1423,10718.07
1424,10368.0
1425,12644.63
1426,3543.0
1427,10827.98
1428,4360.38
1429,10244.24
1430,10441.0
1431,11084.7
1432,8512.42
1433,10268.3
1434,7303.0
1435,2166.19
1436,5613.0
1437,7648.0
1438,8745.1
1439,9056.81
1440,4668.0
1441,6937.07
1442,7354.0
1443,14053.0
1444,10262.0
1445,3465.62
1446,14248.33
1447,4058.33
1448,6506.48
1449,3874.38
1450,5283.69
1451,10290.35
1452,5548.77
1453,9319.45
1454,12525.59
1455,9581.24
1456,7682.605
1457,14655.69
1458,8670.3
1459,3849.14
1460,5368.36
1461,4820.8
1462,16079.0
1463,9073.38
1464,8004.55
1465,15651.68
1466,10262.0
1467,6418.74
1468,11446.44
1469,4066.64
1470,4532.47
1471,4687.11
1472,14994.13
1473,8245.355
1474,11982.0
1475,16199.13
1476,7229.0
1477,3638.76
1478,17240.0
1479,9211.63
1480,13085.75
1481,5401.42
1482,10262.0
1483,16730.0
1484,8016.0
1485,8481.89
1486,13876.87
1487,11083.55
1488,7604.28
1489,4562.0
1490,15812.0
1491,7782.89
1492,4686.55
1493,3597.0
1494,9979.5
1495,8295.06
1496,4216.8
1497,7380.09
1498,4821.78
1499,4840.64
1500,7290.07
1501,9092.52
1502,9535.67
1503,8290.26
1504,9953.22
1505,7073.57
1506,12891.62
1507,6194.91
1508,13057.48
1509,10494.385
1510,10844.0
1511,16102.43
1512,4804.0
1513,11270.64
1514,12050.36
1515,18804.0
1516,13292.0
1517,24070.21
1518,11352.13
1519,15554.0
1520,27360.51
1521,9335.82
1522,7775.44
1523,5977.4
1524,12427.57
1525,12103.98
1526,10281.11
1527,8486.65
1528,5693.11
1529,6952.04
1530,8170.96
1531,7229.0
1532,9341.17
1533,7229.0
1534,5177.31
1535,13075.21
1536,12851.87
1537,7027.06
1538,5863.64
1539,3580.3
1540,3407.0
1541,7229.0
1542,3681.62
1543,8124.485
1544,5028.26
1545,4248.13
1546,7700.6
1547,13746.4
1548,3724.96
1549,11663.14
1550,5984.23
1551,6988.3
1552,6216.0
1553,13286.44
1554,14576.79
1555,14714.0
1556,6024.54
1557,15410.625
1558,11191.97
1559,12373.0
1560,5635.77
1561,19075.94
1562,9853.385
1563,10192.42
1564,4007.26
1565,6938.72
1566,7591.0
1567,12122.975
1568,13623.81
1569,11183.22
1570,7064.0
1571,6242.09
1572,5009.8
1573,4672.2
1574,9248.77
1575,15654.0
1576,2022.16
1577,10696.0
1578,2010.18
1579,18099.66
1580,5548.7
1581,6025.58
1582,9042.4
1583,10506.883333333333
1584,11921.97
1585,4798.2
1586,6486.42
1587,13817.0
1588,7229.0
1589,10378.25
1590,17135.0
1591,14391.49
1592,8831.42
1593,11982.0
1594,10529.0
1595,3700.17
1596,15425.0
1597,11665.035
1598,4828.01
1599,7888.0
1600,13817.0
1601,4039.7
1602,8414.77
1603,8881.0
1604,10739.34
1605,6937.77
1606,4326.28
1607,10345.77
1608,10557.68
1609,16045.62
1610,10690.55
1611,10107.07
1612,5748.97
1613,11036.43
1614,9656.7
1615,5925.82
1616,9826.05
1617,7743.59
1618,4121.19
1619,12144.73
1620,4382.32
1621,10368.0
1622,14474.45
1623,4050.0
1624,6539.12
1625,6449.95
1626,11515.98
1627,4831.35
1628,14714.0
1629,2024.36
1630,12849.0
1631,10980.07
1632,5856.41
1633,4670.1
1634,4226.14
1635,16179.0
1636,3235.43
1637,4914.98
1638,13430.825
1639,7244.83
1640,11072.76
1641,3543.1
1642,8935.92
1643,11972.0
1644,12975.78
1645,10194.38
1646,10435.875
1647,6139.9
1648,5678.0
1649,4837.23
1650,12840.556666666665
1651,11849.06
1652,15411.31
1653,11484.11
1654,6283.41
1655,14167.46
1656,5782.48
1657,8023.27
1658,10651.0
1659,5277.0
1660,6124.43
1661,11489.91
1662,5272.67
1663,7444.48
1664,10283.41
1665,12313.49
1666,12373.0
1667,11243.09
1668,8561.5
1669,3210.0
1670,5280.38
1671,12244.1
1672,14541.42
1673,14802.11
1674,4896.03
1675,3841.78
1676,9067.04
1677,6072.21
1678,3841.32
1679,10775.22
1680,7465.35
1681,10621.48
1682,6904.58
1683,3660.45
1684,10262.0
1685,3574.1
1686,16064.25
1687,14137.51
1688,7072.0
1689,14805.35
1690,8721.315
1691,2017.0
1692,8831.14
1693,4376.51
1694,4200.33
1695,11982.0
1696,7821.135
1697,10368.0
1698,3153.2
1699,14714.0
1700,7233.71
1701,13381.55
1702,3873.98
1703,10949.22
1704,9431.59
1705,12033.51
1706,13697.61
1707,5536.31
1708,15006.74
1709,8040.0
1710,10262.0
1711,7045.52
1712,3565.12
1713,12646.0
1714,16515.0
1715,4285.88
1716,11128.76
1717,11934.62
1718,6268.25
1719,10919.0
1720,8554.75
1721,7229.0
1722,10950.19
1723,7244.74
1724,5200.73
1725,5617.09
1726,10835.87
1727,11834.33
1728,9958.55
1729,4140.3
1730,4752.6
1731,6566.44
1732,13739.08
1733,6388.74
1734,11354.89
1735,12392.0
1736,12373.0
1737,3794.94
1738,10897.87
1739,8930.0
1740,6355.89
1741,3687.0
1742,5670.87
1743,11150.0
1744,3938.39
1745,12835.0
1746,7079.74
1747,6460.82
1748,4708.66
1749,5313.97
1750,4900.32
1751,9993.305
1752,6623.45
1753,4514.83
1754,12225.63
1755,2926.22
1756,4823.0
1757,10800.44
1758,8765.24
1759,3628.32
1760,13223.29
1761,15519.19
1762,15263.87
1763,8369.18
1764,12819.0
1765,7243.85
1766,7530.0
1767,13869.16
1768,5226.5
1769,10575.795
1770,6258.96
1771,3857.92
1772,14184.33
1773,11007.51
1774,14227.29
1775,8236.0
1776,13368.25
1777,7832.0
1778,14788.36
1779,11657.59
1780,29845.18
1781,7155.74
1782,8263.34
1783,7768.49
1784,4447.48
1785,5072.8
1786,9601.675
1787,17075.39
1788,8524.62
1789,9266.85
1790,8276.965
1791,13292.76
1792,6497.08
1793,14170.37
1794,9456.06
1795,10116.38
1796,13362.36
1797,11913.0
1798,3529.11
1799,12340.5
1800,8707.79
1801,10367.44
1802,12484.95
1803,2328.13
1804,7465.58
1805,9001.0
1806,5468.91
1807,2803.14
1808,14269.06
1809,10683.76
1810,10325.0
1811,13325.32
1812,2452.62
1813,14692.3
1814,11233.785
1815,12334.04
1816,3932.92
1817,5822.95
1818,12819.0
1819,14249.8
1820,8057.88
1821,10330.25
1822,6707.44
1823,8299.25
1824,13626.0
1825,4617.41
1826,14753.9
1827,12963.11
1828,15465.07
1829,12140.0
1830,15129.0
1831,5526.19
1832,4369.15
1833,6236.07
1834,2175.64
1835,5705.31
1836,6022.06
1837,9128.0
1838,5162.0
1839,5635.36
1840,4403.89
1841,12372.64
1842,6369.85
1843,6438.31
1844,7522.9
1845,5471.6
1846,4751.08
1847,6628.1
1848,3841.0
1849,15054.19
1850,3334.08
1851,3196.29
1852,13312.79
1853,21493.41
1854,13276.19
1855,12242.0
1856,2917.96
1857,3388.15
1858,14355.21
1859,11128.87
1860,9314.54
1861,2017.0
1862,6951.82
1863,3687.0
1864,11797.2
1865,15221.5
1866,9109.08
1867,12898.0
1868,7127.61
1869,10375.4
1870,4797.86
1871,9062.64
1872,10707.13
1873,10657.85
1874,5509.92
1875,12407.57
1876,4806.1
1877,15209.3
1878,12244.1
1879,5906.48
1880,9476.72
1881,5194.6
1882,8926.68
1883,14666.15
1884,4995.0
1885,6441.76
1886,11083.425
1887,11642.0
1888,12461.0
1889,14751.6
1890,13743.22
1891,2131.36
1892,4348.2
1893,5347.25
1894,4841.8
1895,5115.86
1896,4539.46
1897,10830.72
1898,3610.05
1899,5424.24
1900,11537.91
1901,14014.22
1902,12490.72
1903,8310.68
1904,7229.0
1905,7229.0
1906,10029.78
1907,4377.0
1908,12646.0
1909,10299.39
1910,11687.26
1911,10697.185
1912,15916.5
1913,15129.0
1914,2316.51
1915,2227.0
1916,6436.55
1917,15774.25
1918,4736.38
1919,6204.13
1920,12373.0
1921,4570.48
1922,8463.87
1923,4105.58
1924,10793.64
1925,8703.99
1926,14575.2
1927,6144.0
1928,8040.0
1929,8834.0
1930,4078.17
1931,11899.84
1932,10262.0
1933,8062.27
1934,13875.15
1935,3066.82
1936,10195.89
1937,4514.08
1938,5828.65
1939,11800.79
1940,8533.92
1941,13113.11
1942,14168.55
1943,4397.41
1944,4377.0
1945,7488.01
1946,7229.0
1947,4551.88
1948,8689.17
1949,12619.99
1950,7017.51
1951,7064.0
1952,8245.0
1953,3989.36
1954,6980.82
1955,14024.11
1956,7427.69
1957,11563.59
1958,6516.4
1959,2787.74
1960,6333.875
1961,3964.18
1962,8642.355
1963,10815.93
1964,7622.5
1965,13931.38
1966,10844.0
1967,4943.24
1968,3922.25
1969,12475.63
1970,6795.42
1971,10357.55
1972,8311.06
1973,12945.19
1974,4804.0
1975,5274.83
1976,8574.46
1977,6279.37
1978,4946.19
1979,10422.42
1980,12898.0
1981,5564.9
1982,6232.45
1983,7229.0
1984,10307.14
1985,12898.0
1986,13292.0
1987,9381.26
1988,4936.8
1989,15129.0
1990,16112.38
1991,10387.5
1992,3735.76
1993,11594.87
1994,10970.4
1995,8824.335
1996,15129.0
1997,14486.81
1998,4266.22
1999,13029.0
2000,5203.0
2001,15129.0
2002,11180.02
2003,2403.46
2004,4521.75
2005,11540.05
2006,7947.5
2007,4976.2
2008,14763.61
2009,2229.1
2010,6541.7
2011,3841.0
2012,10432.77
2013,4897.95
2014,7041.57
2015,8040.32
2016,8031.75
2017,13577.45
2018,12684.29
2019,10262.0
2020,14660.18
2021,8464.97
2022,7229.0
2023,3622.0
2024,14475.58
2025,26970.87
2026,3611.3
2027,5457.6
2028,15129.0
2029,14338.3
2030,7833.57
2031,7229.0
2032,15363.12
2033,6614.97
2034,4853.06
2035,10356.5
2036,4560.3
2037,11082.1
2038,11688.19
2039,10368.0
2040,6531.12
2041,12242.0
2042,5957.62
2043,3540.36
2044,12387.93
2045,2951.5
2046,10225.466666666667
2047,6944.59
2048,7229.0
2049,3883.83
2050,9427.885
2051,7350.0
2052,5405.1
2053,3882.64
2054,7620.69
2055,8372.0
2056,12963.97
2057,14764.2
2058,13014.0
2059,5703.18
2060,14729.49
2061,14729.49
2062,8733.97
2063,11150.0
2064,14568.49
2065,3855.46
2066,10725.495
2067,6046.63
2068,6590.97
2069,10308.16
2070,3844.65
2071,6792.11
2072,13029.0
2073,16073.75
2074,8838.25
2075,6797.43
2076,16017.215
2077,9855.83
2078,10844.0
2079,4010.28
2080,7719.06
2081,11910.74
2082,6980.02
2083,6417.8
2084,6442.92
2085,3846.32
2086,4668.0
2087,11455.675
2088,10844.0
2089,8257.87
2090,14895.11
2091,6748.73
2092,14030.58
2093,7717.9
2094,2232.27
2095,5287.73
2096,14834.16
2097,3430.99
2098,2040.64
2099,7149.92
2100,3992.76
2101,16398.71
2102,13623.15
2103,4957.8
2104,5811.54
2105,10844.0
2106,5083.69
2107,10368.0
2108,7256.12
2109,13102.79
2110,5496.75
2111,4878.0
2112,11623.66
2113,4159.0
2114,10264.9
2115,14732.97
2116,13162.87
2117,13093.0
2118,6952.6
2119,4965.76
2120,12898.0
2121,9752.52
2122,4241.46
2123,7446.9
2124,8021.25
2125,5582.28
2126,4643.8
2127,12387.93
2128,12437.52
2129,6451.32
2130,12532.64
2131,13587.0
2132,13587.0
2133,4361.32
2134,6844.33
2135,4941.37
2136,14134.82
2137,22737.26
2138,12378.25
2139,6444.6
2140,10905.35
2141,11989.0
2142,3922.45
2143,5403.0
2144,4867.0
2145,4053.98
2146,5279.06
2147,12185.32
2148,8860.8
2149,9004.58
2150,13292.0
2151,3842.3
2152,3859.44
2153,4823.0
2154,5752.0
2155,15339.0
2156,14221.33
2157,4518.77
2158,8889.67
2159,15232.435
2160,12693.13
2161,6384.41
2162,6038.72
2163,10937.06
2164,2839.12
2165,8593.12
2166,14585.18
2167,13934.2
2168,6569.28
2169,7299.22
2170,4477.0
2171,12984.6
2172,3603.28
2173,2045.36
2174,10877.6
2175,7021.01
2176,4804.0
2177,3891.97
2178,2716.2
2179,6144.0
2180,7440.24
2181,5295.27
2182,2123.92
2183,10773.01
2184,10368.0
2185,6268.46
2186,13292.0
2187,5678.0
2188,12383.5
2189,10368.0
2190,13680.72
2191,4745.98
2192,6021.52
2193,6717.35
2194,9071.73
2195,3543.0
2196,2197.88
2197,11307.93
2198,6119.28
2199,7813.31
2200,5212.78
2201,3841.96
2202,4630.8
2203,10206.0
2204,15339.0
2205,4875.35
2206,4544.0
2207,11024.19
2208,11111.15
2209,7252.29
2210,14034.09
2211,11635.76
2212,6709.85
2213,12733.73
2214,10262.0
2215,12353.52
2216,10844.0
2217,17649.6
2218,15794.16
2219,2227.0
2220,12283.785
2221,9375.72
2222,12624.88
2223,6583.67
2224,18816.91
2225,8212.64
2226,7333.31
2227,3841.0
2228,4879.78
2229,3505.32
2230,6796.07
2231,5678.0
2232,2538.1
2233,9652.5
2234,13964.8
2235,14333.7
2236,7207.37
2237,4995.0
2238,9996.63
2239,3873.0
2240,10265.82
2241,13014.0
2242,13892.37
2243,15140.845
2244,10435.875
2245,3367.87
2246,9877.77
2247,5972.55
2248,15320.97
2249,3765.65
2250,3890.95
2251,6472.14
2252,4512.68
2253,14286.82
2254,6032.22
2255,4804.0
2256,6549.96
2257,14229.94
2258,4876.67
2259,8073.0
2260,12592.63
2261,3971.37
2262,2654.87
2263,5642.18
2264,13933.855
2265,4390.41
2266,14692.21
2267,7229.0
2268,13588.51
2269,3794.2
2270,3610.05
2271,9696.435
2272,9835.96
2273,3196.8
2274,9916.79
2275,12637.26
2276,3979.02
2277,3943.0
2278,7185.87
2279,6996.12
2280,10243.99
2281,7403.28
2282,7119.2
2283,4777.0
2284,9040.97
2285,10726.06
2286,3378.46
2287,8363.69
2288,15129.0
2289,12310.78
2290,5711.92
2291,4522.41
2292,5028.22
2293,11514.44
2294,12275.12
2295,4823.0
2296,8642.99
2297,2361.43
2298,11505.94
2299,13292.0
2300,3791.84
2301,3143.23
2302,12429.08
2303,14161.77
2304,12870.54
2305,3194.27
2306,5694.0
2307,11650.81
2308,5678.0
2309,5782.7
2310,5606.7
2311,16820.3
2312,3603.28
2313,4173.08
2314,6547.56
2315,12397.16
2316,6501.26
2317,9196.65
2318,4709.44
2319,10505.86
2320,4093.98
2321,3845.61
2322,14730.6
2323,6716.77
2324,7360.31
2325,16904.24
2326,12373.0
2327,5156.8
2328,4861.2
2329,7232.935
2330,7905.82
2331,15755.77
2332,13053.63
2333,6322.45
2334,9457.56
2335,14566.8
2336,9382.37
2337,8385.62
2338,12501.01
2339,18275.0
2340,9968.82
2341,6310.23
2342,13029.0
2343,15518.33
2344,8889.55
2345,13037.19
2346,9633.58
2347,9924.8
2348,7832.0
2349,15553.2
2350,14714.0
2351,12620.99
2352,12762.11
2353,3850.0
2354,10231.59
2355,4336.54
2356,6547.57
2357,8236.7
2358,10262.0
2359,7559.82
2360,8027.52
2361,8524.8
2362,5317.17
2363,8844.765
2364,9937.55
2365,2878.0
2366,14714.0
2367,3893.08
2368,8016.38
2369,14761.43
2370,6877.73
2371,9674.74
2372,4995.0
2373,5229.4
2374,3949.48
2375,14075.04
2376,10299.8
2377,8624.74
2378,1965.0
2379,7530.7
2380,4474.44
2381,11353.115
2382,13295.17
2383,6266.26
2384,6487.05
2385,7244.74
2386,10262.0
2387,7255.24
2388,8444.8
2389,7064.0
2390,6916.77
2391,7755.52
2392,9618.37
2393,16263.8
2394,11636.78
2395,5037.13
2396,13067.28
2397,3844.33
2398,16509.5
2399,10844.0
2400,7736.53
2401,13186.42
2402,6029.1
2403,10751.59
2404,10651.0
2405,6189.36
2406,4519.82
2407,10262.0
2408,7077.8
2409,12947.5
2410,12778.13
2411,15107.51
2412,5264.49
2413,7787.54
2414,6146.04
2415,3903.94
2416,4878.0
2417,4694.42
2418,5918.59
2419,14888.84
2420,7535.13
2421,6993.12
2422,6933.87
2423,18277.1
2424,11160.59
2425,8855.0
2426,12373.0
2427,7268.53
2428,7608.0
2429,10141.7
2430,9397.56
2431,8016.0
2432,7128.58
2433,7229.0
2434,8392.82
2435,7784.78
2436,9794.0
2437,8993.495
2438,12804.42
2439,15688.885
2440,5505.9
2441,15209.3
2442,10262.0
2443,13727.49
2444,3983.55
2445,4417.14
2446,9159.05
2447,10647.0
2448,3960.08
2449,5818.46
2450,12373.0
2451,7437.93
2452,3168.45
2453,8313.82
2454,6236.94
2455,14505.71
2456,7693.56
2457,4185.75
2458,14571.0
2459,3597.0
2460,3669.4
2461,16741.25
2462,3309.29
2463,11083.55
2464,5678.0
2465,3180.23
2466,5109.57
2467,9381.01
2468,16052.12
2469,14739.65
2470,12488.49
2471,7229.0
2472,11491.53
2473,7886.84
2474,12686.71
2475,5678.0
2476,11008.855
2477,10262.0
2478,4995.0
2479,3997.94
2480,11930.55
2481,3870.52
2482,4333.85
2483,6536.45
2484,4808.2
2485,4107.04
2486,4000.02
2487,13341.34
2488,11194.32
2489,8756.68
2490,10756.41
2491,5207.58
2492,5613.0
2493,4340.0
2494,7039.75
2495,6865.52
2496,5599.52
2497,10453.14
2498,8683.95
2499,13014.0
2500,9021.97
2501,13522.09
2502,14870.06
2503,4157.44
2504,14286.55
2505,9695.98
2506,8633.4
2507,7577.74
2508,3935.58
2509,4887.07
2510,12779.05
2511,10290.35
2512,13626.215
2513,11836.4
2514,4629.06
2515,8493.18
2516,12937.96
2517,11337.64
2518,18799.0
2519,4953.49
2520,14040.6
2521,13916.35
2522,11542.0
2523,10599.9
2524,14146.53
2525,6111.88
2526,14674.43
2527,13057.3
2528,10265.15
2529,13481.87
2530,7490.5
2531,14113.71
2532,7229.0
2533,8560.67
2534,8372.0
2535,11041.1
2536,3100.75
2537,3695.0
2538,15695.09
2539,6942.39
2540,12126.4
2541,12128.45
2542,5894.49
2543,7491.33
2544,5344.94
2545,3100.0
2546,5613.0
2547,13479.47
2548,10820.01
2549,4135.82
2550,5830.05
2551,14225.28
2552,14714.0
2553,8607.19
2554,9023.86
2555,17444.44
2556,14291.7
2557,8268.97
2558,12937.67
2559,14714.0
2560,15065.55
2561,6194.52
2562,15496.34
2563,5877.28
2564,4915.45
2565,4137.91
2566,8132.44
2567,10368.0
2568,10406.57
2569,6822.57
2570,5271.95
2571,10393.8
2572,6800.96
2573,12296.71
2574,4045.64
2575,3597.0
2576,9767.05
2577,6083.09
2578,2929.67
2579,7229.0
2580,5261.02
2581,5595.0
2582,10150.88
2583,14311.73
2584,11557.74
2585,4582.54
2586,8571.73
2587,6479.96
2588,8480.91
2589,4797.7
2590,6105.98
2591,5277.0
2592,10707.68
2593,5725.24
2594,12266.2
2595,15812.0
2596,17184.62
2597,3147.75
2598,11498.57
2599,10500.65
2600,8371.83
2601,5647.77
2602,3841.0
2603,5992.96
2604,13099.17
2605,6287.25
2606,13377.0
2607,12383.5
2608,10262.0
2609,15532.0
2610,8851.32
2611,12730.055
2612,2047.98
2613,3422.1
2614,6060.47
2615,7114.97
2616,16138.52
2617,3612.7
2618,9559.32
2619,8433.99
2620,14287.8
2621,6267.87
2622,3187.38
2623,4642.1
2624,8378.1
2625,4272.27
2626,7749.22
2627,10604.86
2628,3317.46
2629,9428.52
2630,7421.79
2631,4093.59
2632,8518.0
2633,4668.0
2634,9134.0
2635,3603.28
2636,14304.72
2637,8667.85
2638,14521.62
2639,11178.84
2640,6413.82
2641,10951.69
2642,9810.9
2643,11953.85
2644,7868.43
2645,17106.66
2646,12256.36
2647,7198.0
2648,11593.12
2649,3932.5
2650,15989.75
2651,11087.0
2652,9092.25
2653,4774.61
2654,7773.73
2655,9888.35
2656,14206.18
2657,8997.78
2658,6477.0
2659,5077.0
2660,8844.51
2661,13727.0
2662,9581.99
2663,21026.27
2664,7596.49
2665,11602.23
2666,17062.01
2667,7229.0
2668,3724.54
2669,5832.59
2670,14031.44
